top_rfi_C/Data_Acquisition;"=MROUND(AVERAGE(A12:A65536);1)"
top_rfi_C/MAD_Computation;"=MROUND(AVERAGE(B12:B65536;C12:C65536;D12:D65536;E12:E65536;F12:F65536;G12:G65536;H12:H65536;I12:I65536;J12:J65536;K12:K65536;L12:L65536;M12:M65536;N12:N65536;O12:O65536;P12:P65536;Q12:Q65536;R12:R65536;S12:S65536;T12:T65536;U12:U65536;V12:V65536;W12:W65536;X12:X65536;Y12:Y65536;Z12:Z65536;AA12:AA65536;AB12:AB65536;AC12:AC65536;AD12:AD65536;AE12:AE65536;AF12:AF65536;AG12:AG65536;AH12:AH65536;AI12:AI65536;AJ12:AJ65536;AK12:AK65536;AL12:AL65536;AM12:AM65536;AN12:AN65536;AO12:AO65536;AP12:AP65536;AQ12:AQ65536;AR12:AR65536;AS12:AS65536;AT12:AT65536;AU12:AU65536;AV12:AV65536;AW12:AW65536;AX12:AX65536;AY12:AY65536;AZ12:AZ65536;BA12:BA65536;BB12:BB65536;BC12:BC65536;BD12:BD65536;BE12:BE65536;BF12:BF65536;BG12:BG65536;BH12:BH65536;BI12:BI65536;BJ12:BJ65536;BK12:BK65536;BL12:BL65536;BM12:BM65536;BN12:BN65536;BO12:BO65536;BP12:BP65536;BQ12:BQ65536;BR12:BR65536;BS12:BS65536;BT12:BT65536;BU12:BU65536;BV12:BV65536;BW12:BW65536;BX12:BX65536;BY12:BY65536;BZ12:BZ65536;CA12:CA65536;CB12:CB65536;CC12:CC65536;CD12:CD65536;CE12:CE65536;CF12:CF65536;CG12:CG65536;CH12:CH65536;CI12:CI65536;CJ12:CJ65536;CK12:CK65536;CL12:CL65536;CM12:CM65536;CN12:CN65536;CO12:CO65536;CP12:CP65536;CQ12:CQ65536;CR12:CR65536;CS12:CS65536;CT12:CT65536;CU12:CU65536;CV12:CV65536;CW12:CW65536;CX12:CX65536;CY12:CY65536;CZ12:CZ65536;DA12:DA65536;DB12:DB65536;DC12:DC65536;DD12:DD65536;DE12:DE65536;DF12:DF65536;DG12:DG65536;DH12:DH65536;DI12:DI65536;DJ12:DJ65536;DK12:DK65536;DL12:DL65536;DM12:DM65536;DN12:DN65536;DO12:DO65536;DP12:DP65536;DQ12:DQ65536;DR12:DR65536;DS12:DS65536;DT12:DT65536;DU12:DU65536;DV12:DV65536;DW12:DW65536;DX12:DX65536;DY12:DY65536;DZ12:DZ65536;EA12:EA65536;EB12:EB65536;EC12:EC65536;ED12:ED65536;EE12:EE65536;EF12:EF65536;EG12:EG65536;EH12:EH65536;EI12:EI65536;EJ12:EJ65536;EK12:EK65536;EL12:EL65536;EM12:EM65536;EN12:EN65536;EO12:EO65536;EP12:EP65536;EQ12:EQ65536;ER12:ER65536;ES12:ES65536;ET12:ET65536;EU12:EU65536;EV12:EV65536;EW12:EW65536;EX12:EX65536;EY12:EY65536;EZ12:EZ65536;FA12:FA65536;FB12:FB65536;FC12:FC65536;FD12:FD65536;FE12:FE65536;FF12:FF65536;FG12:FG65536;FH12:FH65536;FI12:FI65536;FJ12:FJ65536;FK12:FK65536;FL12:FL65536;FM12:FM65536;FN12:FN65536;FO12:FO65536;FP12:FP65536;FQ12:FQ65536;FR12:FR65536;FS12:FS65536;FT12:FT65536;FU12:FU65536;FV12:FV65536;FW12:FW65536;FX12:FX65536;FY12:FY65536;FZ12:FZ65536;GA12:GA65536;GB12:GB65536;GC12:GC65536;GD12:GD65536;GE12:GE65536;GF12:GF65536;GG12:GG65536;GH12:GH65536;GI12:GI65536;GJ12:GJ65536;GK12:GK65536;GL12:GL65536;GM12:GM65536;GN12:GN65536;GO12:GO65536;GP12:GP65536;GQ12:GQ65536;GR12:GR65536;GS12:GS65536);1)"
top_rfi_C/Plot_RnI_Histo;"=MROUND(AVERAGE(GT12:GT65536);1)"
top_rfi_C/STD_Computation;"=MROUND(AVERAGE(GU12:GU65536;GV12:GV65536;GW12:GW65536;GX12:GX65536;GY12:GY65536;GZ12:GZ65536;HA12:HA65536;HB12:HB65536;HC12:HC65536;HD12:HD65536;HE12:HE65536;HF12:HF65536;HG12:HG65536;HH12:HH65536;HI12:HI65536;HJ12:HJ65536;HK12:HK65536;HL12:HL65536;HM12:HM65536;HN12:HN65536;HO12:HO65536;HP12:HP65536;HQ12:HQ65536;HR12:HR65536;HS12:HS65536;HT12:HT65536;HU12:HU65536;HV12:HV65536;HW12:HW65536;HX12:HX65536;HY12:HY65536;HZ12:HZ65536;IA12:IA65536;IB12:IB65536;IC12:IC65536;ID12:ID65536;IE12:IE65536;IF12:IF65536;IG12:IG65536;IH12:IH65536;II12:II65536;IJ12:IJ65536;IK12:IK65536;IL12:IL65536;IM12:IM65536;IN12:IN65536;IO12:IO65536;IP12:IP65536;IQ12:IQ65536;IR12:IR65536;IS12:IS65536;IT12:IT65536;IU12:IU65536;IV12:IV65536;IW12:IW65536;IX12:IX65536;IY12:IY65536;IZ12:IZ65536;JA12:JA65536;JB12:JB65536;JC12:JC65536;JD12:JD65536;JE12:JE65536;JF12:JF65536;JG12:JG65536;JH12:JH65536;JI12:JI65536;JJ12:JJ65536;JK12:JK65536;JL12:JL65536;JM12:JM65536;JN12:JN65536;JO12:JO65536;JP12:JP65536;JQ12:JQ65536;JR12:JR65536;JS12:JS65536;JT12:JT65536;JU12:JU65536;JV12:JV65536;JW12:JW65536;JX12:JX65536;JY12:JY65536;JZ12:JZ65536;KA12:KA65536;KB12:KB65536;KC12:KC65536;KD12:KD65536;KE12:KE65536;KF12:KF65536;KG12:KG65536;KH12:KH65536;KI12:KI65536;KJ12:KJ65536;KK12:KK65536;KL12:KL65536;KM12:KM65536;KN12:KN65536;KO12:KO65536;KP12:KP65536;KQ12:KQ65536;KR12:KR65536;KS12:KS65536;KT12:KT65536;KU12:KU65536;KV12:KV65536;KW12:KW65536;KX12:KX65536;KY12:KY65536;KZ12:KZ65536;LA12:LA65536;LB12:LB65536;LC12:LC65536;LD12:LD65536;LE12:LE65536;LF12:LF65536;LG12:LG65536;LH12:LH65536;LI12:LI65536;LJ12:LJ65536;LK12:LK65536;LL12:LL65536;LM12:LM65536;LN12:LN65536;LO12:LO65536;LP12:LP65536;LQ12:LQ65536;LR12:LR65536;LS12:LS65536;LT12:LT65536;LU12:LU65536;LV12:LV65536;LW12:LW65536;LX12:LX65536;LY12:LY65536;LZ12:LZ65536;MA12:MA65536;MB12:MB65536;MC12:MC65536;MD12:MD65536;ME12:ME65536;MF12:MF65536;MG12:MG65536;MH12:MH65536;MI12:MI65536;MJ12:MJ65536;MK12:MK65536;ML12:ML65536;MM12:MM65536;MN12:MN65536;MO12:MO65536;MP12:MP65536;MQ12:MQ65536;MR12:MR65536;MS12:MS65536;MT12:MT65536;MU12:MU65536;MV12:MV65536;MW12:MW65536;MX12:MX65536;MY12:MY65536;MZ12:MZ65536;NA12:NA65536;NB12:NB65536;NC12:NC65536;ND12:ND65536;NE12:NE65536;NF12:NF65536;NG12:NG65536;NH12:NH65536;NI12:NI65536;NJ12:NJ65536;NK12:NK65536;NL12:NL65536;NM12:NM65536;NN12:NN65536;NO12:NO65536;NP12:NP65536;NQ12:NQ65536;NR12:NR65536;NS12:NS65536;NT12:NT65536;NU12:NU65536;NV12:NV65536;NW12:NW65536;NX12:NX65536;NY12:NY65536;NZ12:NZ65536;OA12:OA65536;OB12:OB65536;OC12:OC65536;OD12:OD65536;OE12:OE65536;OF12:OF65536;OG12:OG65536;OH12:OH65536;OI12:OI65536;OJ12:OJ65536;OK12:OK65536;OL12:OL65536);1)"
top_rfi_C/RFI_Filter;"=MROUND(AVERAGE(OM12:OM65536;ON12:ON65536;OO12:OO65536;OP12:OP65536;OQ12:OQ65536;OR12:OR65536;OS12:OS65536;OT12:OT65536;OU12:OU65536;OV12:OV65536;OW12:OW65536;OX12:OX65536;OY12:OY65536;OZ12:OZ65536;PA12:PA65536;PB12:PB65536;PC12:PC65536;PD12:PD65536;PE12:PE65536;PF12:PF65536;PG12:PG65536;PH12:PH65536;PI12:PI65536;PJ12:PJ65536;PK12:PK65536;PL12:PL65536;PM12:PM65536;PN12:PN65536;PO12:PO65536;PP12:PP65536;PQ12:PQ65536;PR12:PR65536;PS12:PS65536;PT12:PT65536;PU12:PU65536;PV12:PV65536;PW12:PW65536;PX12:PX65536;PY12:PY65536;PZ12:PZ65536;QA12:QA65536;QB12:QB65536;QC12:QC65536;QD12:QD65536;QE12:QE65536;QF12:QF65536;QG12:QG65536;QH12:QH65536;QI12:QI65536;QJ12:QJ65536;QK12:QK65536;QL12:QL65536;QM12:QM65536;QN12:QN65536;QO12:QO65536;QP12:QP65536;QQ12:QQ65536;QR12:QR65536;QS12:QS65536;QT12:QT65536;QU12:QU65536;QV12:QV65536;QW12:QW65536;QX12:QX65536;QY12:QY65536;QZ12:QZ65536;RA12:RA65536;RB12:RB65536;RC12:RC65536;RD12:RD65536;RE12:RE65536;RF12:RF65536;RG12:RG65536;RH12:RH65536;RI12:RI65536;RJ12:RJ65536;RK12:RK65536;RL12:RL65536;RM12:RM65536;RN12:RN65536;RO12:RO65536;RP12:RP65536;RQ12:RQ65536;RR12:RR65536;RS12:RS65536;RT12:RT65536;RU12:RU65536;RV12:RV65536;RW12:RW65536;RX12:RX65536;RY12:RY65536;RZ12:RZ65536;SA12:SA65536;SB12:SB65536;SC12:SC65536;SD12:SD65536;SE12:SE65536;SF12:SF65536;SG12:SG65536;SH12:SH65536;SI12:SI65536;SJ12:SJ65536;SK12:SK65536;SL12:SL65536;SM12:SM65536;SN12:SN65536;SO12:SO65536;SP12:SP65536;SQ12:SQ65536;SR12:SR65536;SS12:SS65536;ST12:ST65536;SU12:SU65536;SV12:SV65536;SW12:SW65536;SX12:SX65536;SY12:SY65536;SZ12:SZ65536;TA12:TA65536;TB12:TB65536;TC12:TC65536;TD12:TD65536;TE12:TE65536;TF12:TF65536;TG12:TG65536;TH12:TH65536;TI12:TI65536;TJ12:TJ65536;TK12:TK65536;TL12:TL65536;TM12:TM65536;TN12:TN65536;TO12:TO65536;TP12:TP65536;TQ12:TQ65536;TR12:TR65536;TS12:TS65536;TT12:TT65536;TU12:TU65536;TV12:TV65536;TW12:TW65536;TX12:TX65536;TY12:TY65536;TZ12:TZ65536;UA12:UA65536;UB12:UB65536;UC12:UC65536;UD12:UD65536;UE12:UE65536;UF12:UF65536;UG12:UG65536;UH12:UH65536;UI12:UI65536;UJ12:UJ65536;UK12:UK65536;UL12:UL65536;UM12:UM65536;UN12:UN65536;UO12:UO65536;UP12:UP65536;UQ12:UQ65536;UR12:UR65536;US12:US65536;UT12:UT65536;UU12:UU65536;UV12:UV65536;UW12:UW65536;UX12:UX65536;UY12:UY65536;UZ12:UZ65536;VA12:VA65536;VB12:VB65536;VC12:VC65536;VD12:VD65536;VE12:VE65536;VF12:VF65536;VG12:VG65536;VH12:VH65536;VI12:VI65536;VJ12:VJ65536;VK12:VK65536;VL12:VL65536;VM12:VM65536;VN12:VN65536;VO12:VO65536;VP12:VP65536;VQ12:VQ65536;VR12:VR65536;VS12:VS65536;VT12:VT65536;VU12:VU65536;VV12:VV65536;VW12:VW65536;VX12:VX65536;VY12:VY65536;VZ12:VZ65536;WA12:WA65536;WB12:WB65536;WC12:WC65536;WD12:WD65536);1)"
top_rfi_C/Plot_Threshold;"=MROUND(AVERAGE(WE12:WE65536);1)"
top_rfi_C/Data_Restitution;"=MROUND(AVERAGE(WF12:WF65536);1)"
top_rfi_C/Plot_Filtered_Data;"=MROUND(AVERAGE(WG12:WG65536);1)"
"TIMINGS WEIGHTED SUM";"=SUM(1*B1,200*B2,1*B3,200*B4,200*B5,1*B6,1*B7,1*B8)"
0;1;2;3;4;5;6;7;8;9;10;11;12;13;14;15;16;17;18;19;20;21;22;23;24;25;26;27;28;29;30;31;32;33;34;35;36;37;38;39;40;41;42;43;44;45;46;47;48;49;50;51;52;53;54;55;56;57;58;59;60;61;62;63;64;65;66;67;68;69;70;71;72;73;74;75;76;77;78;79;80;81;82;83;84;85;86;87;88;89;90;91;92;93;94;95;96;97;98;99;100;101;102;103;104;105;106;107;108;109;110;111;112;113;114;115;116;117;118;119;120;121;122;123;124;125;126;127;128;129;130;131;132;133;134;135;136;137;138;139;140;141;142;143;144;145;146;147;148;149;150;151;152;153;154;155;156;157;158;159;160;161;162;163;164;165;166;167;168;169;170;171;172;173;174;175;176;177;178;179;180;181;182;183;184;185;186;187;188;189;190;191;192;193;194;195;196;197;198;199;200;201;202;203;204;205;206;207;208;209;210;211;212;213;214;215;216;217;218;219;220;221;222;223;224;225;226;227;228;229;230;231;232;233;234;235;236;237;238;239;240;241;242;243;244;245;246;247;248;249;250;251;252;253;254;255;256;257;258;259;260;261;262;263;264;265;266;267;268;269;270;271;272;273;274;275;276;277;278;279;280;281;282;283;284;285;286;287;288;289;290;291;292;293;294;295;296;297;298;299;300;301;302;303;304;305;306;307;308;309;310;311;312;313;314;315;316;317;318;319;320;321;322;323;324;325;326;327;328;329;330;331;332;333;334;335;336;337;338;339;340;341;342;343;344;345;346;347;348;349;350;351;352;353;354;355;356;357;358;359;360;361;362;363;364;365;366;367;368;369;370;371;372;373;374;375;376;377;378;379;380;381;382;383;384;385;386;387;388;389;390;391;392;393;394;395;396;397;398;399;400;401;402;403;404;405;406;407;408;409;410;411;412;413;414;415;416;417;418;419;420;421;422;423;424;425;426;427;428;429;430;431;432;433;434;435;436;437;438;439;440;441;442;443;444;445;446;447;448;449;450;451;452;453;454;455;456;457;458;459;460;461;462;463;464;465;466;467;468;469;470;471;472;473;474;475;476;477;478;479;480;481;482;483;484;485;486;487;488;489;490;491;492;493;494;495;496;497;498;499;500;501;502;503;504;505;506;507;508;509;510;511;512;513;514;515;516;517;518;519;520;521;522;523;524;525;526;527;528;529;530;531;532;533;534;535;536;537;538;539;540;541;542;543;544;545;546;547;548;549;550;551;552;553;554;555;556;557;558;559;560;561;562;563;564;565;566;567;568;569;570;571;572;573;574;575;576;577;578;579;580;581;582;583;584;585;586;587;588;589;590;591;592;593;594;595;596;597;598;599;600;601;602;603;604;
11629542;765812;276788;276818;276912;277884;280889;267392;278493;267774;267484;267267;267363;275997;259890;259650;259299;259382;259874;259577;259377;259426;260079;266675;260375;269230;251551;251533;251476;266473;278991;252047;252478;252310;252263;252208;263330;245238;244849;261625;245681;244472;244151;244989;244878;246381;253167;297076;295350;303762;268616;253835;247348;248426;254422;245910;246812;246982;246326;249900;284289;245058;245578;244562;245033;244579;245320;244918;252110;244845;245369;249911;252118;237987;237824;237523;237508;237746;237980;240125;237416;237407;237980;237333;237233;237478;238386;241489;237491;237407;237835;237842;237313;238134;238078;239071;238264;245410;231431;239770;231909;231460;231025;231501;236452;231268;231212;231232;231162;231398;238832;224942;225217;225161;225669;225026;226173;225924;226022;231934;251874;232139;227590;225449;225146;225294;225334;235876;219252;220242;232713;249369;225379;224850;225248;225016;225521;225674;225685;233391;235778;218520;219374;218881;219671;227887;213215;213572;213807;226077;208457;209765;208603;209140;217953;211858;203550;203260;209161;203328;203530;203447;203826;203227;213175;202568;203443;203279;203123;203295;203389;203875;204263;203651;204884;203686;204326;210043;204005;203996;203447;202902;203759;203823;205576;203934;205413;203295;204579;203625;203612;203553;203724;203726;203775;202904;215580;209737;202942;203224;203247;646869667;184070;199019;171111;160122;163298;165066;164406;167868;169954;170988;170402;171029;171430;171852;171064;170627;185347;219643;171075;229503;278313;204534;231182;182117;175469;176006;175603;185142;184946;175775;175701;176063;188280;171712;169868;171002;235576;240485;219434;186639;175789;175754;175519;176199;175332;181728;175365;167207;164554;173291;183263;176627;172465;173742;173603;175078;174389;175009;176686;177185;175144;175133;170151;175175;178740;178072;179376;188057;179065;177665;175693;175387;175482;176182;176101;174971;173071;173643;175263;193929;172244;151989;128107;128227;128037;128568;145289;125327;125940;125268;125282;125722;125564;135283;126189;141240;122828;122504;122729;122067;121624;126925;122992;122405;122485;122891;122689;122372;123000;130560;132252;122349;122498;122638;121965;121874;121493;122182;122815;122149;122685;121658;122192;122500;122153;122365;543573;1328171;126815;127832;141262;8352527;140759;171132;174012;137053;122955;122725;122848;123429;124140;124764;188841;171677;179885;207531;213198;247791;247393;177818;199774;177638;176001;187703;169613;171254;169368;171067;185419;172132;174605;175222;172685;136573;125916;126016;127143;147460;147718;127485;126749;161783;169353;203410;161741;150625;200505;151407;125891;125059;125057;131497;143723;126230;125357;125537;125426;126171;125915;125890;126041;127501;140308;125800;125476;125761;126148;125796;126224;125831;19674;19422;22530;20488;20432;21202;20854;22256;20646;21123;20406;21116;20560;20860;21043;20702;21052;20732;20604;21207;28296;21679;20748;22222;22006;21512;21222;21370;21484;21624;22102;21944;21392;21335;21602;22301;21402;21822;22634;22086;21502;21200;21324;29354;22248;21822;22160;22063;22001;22142;22672;22256;22314;21600;23254;22318;21413;21930;22649;22090;21706;22742;21758;26614;22326;22241;21729;22337;21725;22140;22851;21711;22605;22477;21811;22010;21938;21902;21673;21615;22474;21886;22212;21888;22206;21550;22527;21838;25804;22338;21574;22327;21506;21786;21990;22714;22198;22429;22100;22765;21334;20434;19843;20134;19943;20237;20049;20103;20486;20235;20204;20145;20210;20672;20457;19544;20245;20096;19692;20029;20148;20056;22020;21595;20102;20306;20856;19999;20384;20899;20492;19941;20171;20076;20404;20154;19920;20216;28172;19786;19898;19970;19603;22424;19360;19402;19573;19420;19476;19588;19430;19930;19604;19730;20074;19568;19860;19724;19205;19222;26052;19356;18882;20536;22592;20396;19127;19084;19100;19052;19055;19138;18978;18950;19598;18891;18973;18853;19153;19492;19292;19122;18978;19285;19170;30972;18433;18966;18862;18230;18761;18390;19030;19178;18714;18756;18497;18496;18982;18967;4465307913;5495388;2185135606;
7239923;340483;307375;303626;304830;303894;305614;309918;12351258;243951;226058;233000;213889;213626;213968;219677;222758;210629;210354;208744;208841;210230;210419;208838;208952;209042;208923;217758;209002;211155;212575;210090;210644;211343;209914;273377;206387;206136;205269;207697;208756;206743;203664;203676;235974;204341;246871;204189;204164;203833;204328;203753;204373;203641;203751;203483;203710;204412;203700;204014;204079;203887;204605;203942;203792;211822;251074;291615;207466;206117;203257;203848;205195;203819;206993;203957;203678;203405;204031;207697;203375;203640;205039;203912;16248021;220828;220147;231650;214127;214508;215348;224934;209694;208863;210534;209413;217832;203659;204227;318633;226930;203843;16287392;264100;547726;224028;269487;467476;226896;250937;211496;213036;213478;231504;257548;290583;288268;280727;288743;289313;285880;290987;286406;292415;291704;307111;296000;294909;290286;283657;296044;291536;293661;289677;290709;290095;295739;293532;295561;310628;298948;295549;297824;311237;301088;315861;311691;306534;306922;302678;305835;314543;306998;311573;302661;312395;16308839;226528;225968;226619;227068;227785;233530;241167;219431;220044;220097;219954;232629;214147;213559;213782;214321;214026;219346;213965;213448;213649;261128;255009;272816;266678;278826;281280;277659;252193;220190;214095;215286;233608;228730;220584;220121;220291;230618;213746;214400;214090;227397;209115;209095;804199019;130888;129158;129458;138064;129022;128050;128836;128703;140384;125753;125861;125986;139233;125341;125501;125609;155172;177321;177458;174778;172323;149770;128887;151362;129654;165669;528277;174417;330049;129404;129131;135670;143077;130389;150579;140308;133400;132321;133084;133202;132491;132593;133993;133948;133066;133579;135222;133117;134341;133678;132991;133446;133013;138893;143582;129234;128112;129047;129394;129473;129064;136369;145860;132752;131850;155401;132267;131999;137078;147328;128739;129518;129412;129163;129308;129204;26637964;183115;140061;139314;139039;139765;139073;139559;139565;139781;138099;154727;142289;169799;156846;140117;140166;140202;152875;138404;138423;139277;138953;138975;146093;158382;135657;135047;141065;149233;147395;185588;186462;181795;178030;135848;135554;160624;140221;141220;136079;135646;135945;136100;144981;160707;131865;132143;131500;132087;132243;132025;132192;132468;132058;146939;129406;129723;129092;136565;149069;136377;136488;160216;133345;133478;138486;148596;129122;129892;129163;129345;129429;136587;132390;151167;135918;135449;134972;135353;139978;152389;131562;131745;131930;136228;128988;129231;128811;129901;129830;128764;129198;129321;129193;128752;129380;129623;129722;129550;129230;129094;129056;135523;131697;148309;134975;134995;134524;135055;135217;134973;134725;134891;135133;16161009;139481;139055;156827;144814;143735;142504;144186;144306;18178;18424;17921;17881;17860;17792;17756;21402;17511;17056;17504;17391;17274;21632;17437;17457;17220;17156;17160;17701;20994;18108;17410;17779;17990;18250;17768;18040;17860;18202;17836;17825;20210;19498;17872;21620;18599;20529;19115;18289;18148;18263;18351;18817;18513;18222;18138;18460;22696;19544;19603;20290;19321;19343;19233;19470;19050;19181;19442;19057;19554;22532;18904;18836;18760;18957;20716;19052;18743;19378;19222;18903;19311;18814;18828;18656;18862;18967;18294;18533;18951;18860;19027;18828;18904;18664;22375;19228;19653;19360;19416;19267;19670;19420;19759;19512;19482;19786;19332;19392;19190;19675;19175;19606;19262;19303;19784;19394;19617;19271;19643;19383;19698;22725;18866;18632;18991;21247;19433;18902;18616;18616;18888;19062;19065;19291;19112;18699;19170;18954;19194;18977;19358;19068;18770;18844;18979;18801;18686;19195;18965;19096;18950;18839;18756;18646;18742;18787;19012;18861;19103;18875;22612;19165;19688;19810;19619;19664;19636;19046;19441;19619;19255;22971;19038;18843;19258;18913;18435;8045240;19604;19621;19348;19321;19648;19313;19627;19262;19236;19520;19602;19518;19154;19702;19588;19325;19236;19642;19499;19382;19098;18957;19409;19784;19709;19731;19216;19511;19498;19879;4775157990;4749039;2434402586;
5855781;233988;253056;258009;263470;266285;268859;264317;267354;220703;210713;210236;210015;209533;213354;220237;208689;208542;209036;208742;208330;208532;215917;203784;203679;203521;227783;203746;203340;203605;204063;203199;203570;203348;204161;211323;203884;203454;203571;204584;203626;203473;203444;203561;203671;203574;203410;203832;204045;203614;204006;203721;203662;203481;26716488;296980;291106;309864;283728;296180;286619;284263;282860;287412;283907;285767;285378;286796;283803;278928;281271;279951;287818;294354;280279;292986;289325;287266;299806;276135;219132;219103;219063;219026;218692;219648;223214;227571;212892;213602;12823794;233644;230284;234583;218970;219117;219240;218950;227438;213759;213575;218315;223615;208195;227629;228872;209374;210725;208864;211453;214451;226956;203706;203341;203446;206144;226633;208540;224429;257754;251265;274568;291132;280817;285155;280771;262700;270897;286417;279579;283264;289212;255073;248939;222944;239356;214875;215315;223140;215119;226578;211038;234367;205738;205760;204429;205163;205484;205597;226160;209384;209058;210812;209136;209861;210183;208801;218052;208728;216428;203428;203305;203719;203211;203618;203442;204189;203206;203105;203838;203319;203128;203404;203619;203707;203791;203248;16259693;225377;225622;225206;225006;239460;220220;219309;219822;224377;230972;213582;213596;213837;222533;203227;203639;203414;248469;219370;230022;256388;264817;298908;755518024;125765;122829;122743;154854;122191;122291;122349;123018;122233;122608;135771;126448;125306;125654;149218;539705;126414;125331;435734;125452;124942;125267;125499;125416;125682;125381;125086;124990;125492;124798;125358;125095;125429;124947;130405;125101;140852;127875;128343;128445;128597;127850;128653;127817;128537;128153;127790;128056;128031;134015;132041;140314;124261;124545;125114;125102;124436;124967;129357;140159;127405;127875;128365;128047;127920;127463;131027;139985;137655;171101;136003;128909;125543;129486;125205;124878;124868;124882;124972;131118;124971;11956111;135907;135476;135382;136071;135515;136046;135685;136026;135976;162536;132944;132048;132587;132654;132168;137471;148721;128699;128755;128687;129156;129303;128724;129282;129143;128722;128668;129238;129234;137124;128809;129474;134836;129010;128756;128986;128932;129007;129110;128899;129015;129994;129188;129044;129285;129827;128956;129524;129459;129350;128848;128972;128897;129020;128932;129561;128760;129220;129128;173092;173223;1291882;126983;126326;125923;8224605;135839;124051;124076;124193;123228;124188;123176;122527;123269;123345;123298;123739;123400;123388;122968;133750;122886;144893;132762;132042;132477;131897;132558;132440;132578;141489;128909;128969;129058;129365;129005;128834;128925;128920;128533;128826;128783;128644;128773;132879;128749;138182;125391;125485;125884;128639;125937;125805;125758;125192;126334;125892;32710;33207;32602;32264;32342;31800;32012;36044;33062;33054;32962;38172;33150;35503;37313;34196;33853;34265;33998;34068;34256;34354;36906;33213;33797;33324;33222;33947;33649;34223;33904;33274;33208;33428;33579;33462;33962;33989;33663;33405;33979;4040370;36220;36892;36202;35835;35523;35735;35699;36465;36314;36105;36028;35892;36709;36716;34892;35434;36146;36200;36238;36539;36850;38770;36743;34953;34563;35885;36507;35108;35376;34884;36309;35327;34893;34700;34765;39714;35765;35838;37307;35719;36208;36564;35578;38725;35126;34780;35246;35256;36374;38235;34684;33992;34762;34599;35706;33852;34238;34139;34408;34506;34027;34989;34048;39234;35934;34815;35159;35193;35318;35570;36182;38587;34738;33859;35800;34974;34340;34026;34291;34242;34075;33894;34394;36140;35660;33625;41347;36326;37026;36428;36451;36446;41840;35271;34551;35378;34718;35764;35235;35603;35466;35002;34765;35343;35100;34760;35396;34940;35051;35626;34862;4040511;35289;38681;36399;36322;37094;36296;38213;35840;35800;35859;36498;36385;36525;36224;39027;18300;34905;35242;35425;34636;35279;35121;35546;35355;34921;35396;35687;36297;34442;35472;34959;35701;3836090;35821;36009;34600;34731;34771;35467;36269;35236;38371;36360;36872;35946;35978;5040406842;5117206;2313365668;
6148948;252420;225577;242488;231631;231058;243813;231240;230957;230948;231314;242682;225147;16242613;232457;219648;219378;219620;219548;222740;219096;219547;219335;219936;219525;228089;214315;229170;214242;214541;214071;221207;215940;215196;236285;221063;223416;221639;237538;215555;217127;215292;215760;233133;212710;208873;208556;208408;208453;208587;218356;208693;208439;208159;208811;208630;209592;210028;209799;208862;208193;208312;215811;208224;208284;207811;208487;207866;208024;214842;208722;219579;203569;202768;203282;203463;203143;202966;203737;203317;203071;203253;203666;203076;211986;204280;245816;262229;24252736;232047;231576;231576;236215;231624;239613;213747;213931;213292;218374;223424;208626;208889;208857;208404;208209;218733;225211;210375;208653;208633;208501;208301;208352;208254;208178;208101;208608;208654;208580;208335;207864;208294;208489;208550;208758;211270;208612;219942;203165;227211;259092;203757;203729;203278;203715;203856;203305;203459;203781;203264;203910;203381;204104;203221;247914;204001;204280;203408;203470;204042;203958;218502;203873;203455;204775;204488;204001;204287;204964;206514;205079;203628;205079;240202;225014;203219;203449;203081;203301;203683;203076;203393;203159;203747;203567;203497;203322;203398;203472;226575;203647;203425;203740;16264938;231706;231635;231517;238793;231224;237588;219120;226069;219025;237120;213378;213746;213726;213679;224987;208517;212408;756578205;157416;157239;145626;140083;143964;145885;187502;173319;174970;175095;179044;191333;181849;185180;182586;183385;195001;187399;185981;968352;185649;185979;187409;187947;187007;188001;187810;188333;187998;188089;186936;188698;187550;187333;204597;192748;197014;194473;192333;193005;191849;193848;193478;192908;193378;193093;188372;193137;192335;193362;193628;191669;192504;192423;194161;191195;191891;196585;193458;192349;193361;190193;193569;191938;20862763;133257;133210;132828;132699;132700;132737;132498;133866;132727;133068;131781;131787;132926;140463;130220;129808;130462;129690;130528;130253;130024;129687;129596;130214;130685;129629;130123;129932;129764;130011;130421;129718;147372;129237;129378;129375;129066;129635;129012;129206;129980;129860;129250;129798;138991;129645;129761;128719;153414;125704;125479;125446;125554;131092;125969;144229;129012;129317;128535;128998;128916;129028;128799;128627;129341;128560;128775;132642;129592;128807;129080;128924;129359;129212;129264;133371;128930;128924;128570;129033;129248;128967;128882;128627;128923;128498;128885;129286;129259;129270;129069;129219;129471;128990;129277;129173;129357;132441;130263;128571;129316;139353;125664;125947;125743;126083;16151831;139075;139238;139811;138873;139349;139603;139691;139234;139185;151488;134974;135840;135203;136108;135588;136315;140146;146094;133460;133316;132197;132552;133162;132595;132702;132521;133461;132369;32953;32991;32476;32468;37332;32987;32818;33984;33329;33400;33094;37273;31862;32893;35433;33058;32598;32422;36952;33715;34082;33845;33210;33415;34987;33588;37928;36691;34125;35032;34566;34525;33822;34753;34471;34630;34364;34677;34241;34165;34652;34289;34059;36910;34802;34596;34214;38505;35943;35428;35536;34902;34984;35190;35370;35250;34004;34789;35453;35940;35452;39596;34464;33949;34125;34434;34030;34510;33956;34633;35128;34216;4038990;36264;36042;35712;35987;36408;35702;36884;36452;35589;36057;36263;35992;36070;36249;35578;36434;36324;35992;36134;37176;36334;36548;36568;36222;36400;35695;37602;125761;68567;36189;36581;36022;37978;36531;38876;34669;34529;34429;34737;34904;34952;34716;33730;34213;34955;34202;33793;33967;33972;36420;34506;36764;34692;34862;34993;39088;34908;35773;35320;35455;35998;34731;36860;34125;34079;34271;35921;34365;35098;38401;35388;34709;34820;35490;35448;35282;35033;34810;35757;36410;35914;35946;35500;35615;35533;34860;34260;35117;35436;34642;34834;36008;35378;35522;35350;34591;35431;35441;35306;34834;34411;34944;35074;35923;37299;34299;34633;34795;35145;34323;35538;34262;39167;35172;35864;35547;34822;34766;35165;36466;36224;35702;35095;35137;34790;35422;35458;5199731036;5112844;2442032419;
6354396;314477;223020;235330;226709;226450;226180;240471;232357;232573;232358;232303;232522;252960;233205;233447;248339;238716;233757;232863;233813;234419;235147;233783;234039;236191;232843;231790;232875;247480;236585;224847;224967;225293;225466;224988;225388;224848;225048;224730;224733;224947;224716;224762;224964;225021;236758;11921505;261244;223935;222021;221166;223018;234941;214150;226586;214198;226924;209165;209016;208305;208764;209007;208186;208654;208280;208463;213649;208826;208590;208580;216259;207836;216391;203731;203313;246496;203459;203527;203913;203167;245417;203945;203212;203675;228895;276326;239865;202842;203307;203668;203402;203054;203487;206855;246933;203640;203159;203633;203226;203694;203802;203862;203773;226590;16260070;233617;233174;231634;238105;220084;220013;220109;251960;215919;216004;215851;224708;215607;217130;214849;215061;225941;215994;215157;214684;215632;214351;215678;215612;215397;215481;218989;219921;215378;215976;227190;204341;204254;203155;203486;16248634;232054;231732;231666;241449;225006;235613;229722;229637;236744;219022;219309;219313;219439;219219;219384;229455;236304;213990;214171;214255;214066;226102;216114;213551;213661;213411;214638;214273;213472;213988;224197;208690;209029;208579;208185;222945;203690;202957;203403;203084;219205;208116;208217;209671;208502;208184;209130;208413;208838;220948;204233;204975;205404;204968;211268;207337;204936;203542;203593;774011043;146522;125167;125337;125009;125310;124595;139936;122395;163339;124698;125320;125209;124685;124564;125252;137446;127919;128367;127223;128661;132451;141654;127939;137094;134763;127949;128197;127999;128240;128132;127847;127872;128749;128368;127601;127940;127845;127764;127557;222326;125769;125631;125601;125483;125774;126570;125188;125548;125750;125643;125863;126597;125403;132410;162608;1640479;174415;183764;178114;177281;177402;194072;200998;178046;179647;179033;178175;177453;199753;182263;182239;179626;179361;200523;197208;196300;196739;197755;222049;191600;190922;192815;190875;191515;191578;192326;191962;190563;192519;191584;191053;191773;196850;191638;191731;189550;191161;191557;192528;36202049;184058;141842;142550;142714;141885;142864;152204;135456;136202;135882;135787;135623;143128;152386;140615;134046;134082;134056;134274;134562;145113;130848;146385;183340;176453;179538;199864;188887;185474;184614;185851;187104;188141;168684;149537;134875;135069;140424;202368;191289;191992;191036;191092;179090;175247;168569;157578;139031;138873;151531;138632;138811;138525;138808;138365;137929;142485;152994;134776;135618;134992;134733;134192;134745;135024;135685;135810;135047;135311;135449;136075;150182;128815;128704;129039;128906;128955;128816;128581;154203;131668;131932;131442;141746;131582;132335;131600;132507;132029;131890;132196;131853;131865;132247;131897;132285;132562;132030;132796;133033;38871;40760;35280;34756;35288;39573;36640;35340;34988;34167;34789;34840;35411;34806;35213;35404;35346;35029;34486;35034;35345;36386;40763;35387;36289;35726;36240;38670;45058;45750;45803;44360;48177;46563;47198;45543;46405;46238;45249;49731;47075;40978;39187;38338;38186;37338;39982;37110;37042;36776;37206;37217;40956;43880;48050;48195;48869;44552;41196;36849;36204;37131;36999;37006;36846;36555;36926;36824;36183;36732;37626;38854;37496;37141;37091;36488;36918;36608;41132;37353;37732;38129;37984;38358;41098;36236;37282;35561;36738;36417;36288;36043;36436;35497;36243;36016;36076;36004;3492368;44442;36215;36055;36148;36219;35651;38089;38575;34966;35815;35161;35504;35690;36120;37400;34808;34557;34986;35455;35316;39006;36268;35947;36640;36560;36328;36035;36664;35906;37535;36052;37112;35948;40520;38048;36769;35857;35956;36216;36162;36562;37223;36138;36269;36419;35538;35671;36534;39217;35265;34466;34934;35378;34904;35796;46388;47552;41373;45220;43846;48725;46129;47889;42079;45596;45702;50766;46179;45794;42854;39663;36488;41538;37094;36994;37118;36944;37197;40924;35962;36384;36377;36659;36101;36813;35964;36170;36090;36282;37084;35172;36436;40528;34868;36060;35776;35443;35712;35104;35283;35513;5125099441;5045981;2437550291;
6251301;277914;239414;238624;240013;239592;239890;239273;238879;238939;239654;254104;239080;238696;239679;239013;240431;239281;239929;238981;240018;240401;240012;239645;240805;241448;241596;240401;254519;250462;232095;240744;251485;246959;226015;229792;224899;224631;224637;224721;224817;225131;225072;224721;224823;237498;225158;225566;226392;225611;225771;226278;227791;225836;225941;226618;232451;227869;225954;226099;227119;227056;24258587;235406;209071;207833;208258;208176;208153;208373;208225;208438;208387;208531;225256;208710;208397;208210;208099;208143;208242;215559;208465;208268;208045;207731;208442;208053;207870;208246;213976;217478;209109;208557;208778;209201;209201;208503;209084;209997;217613;209472;209779;209639;209094;210085;209303;221370;207890;205362;205276;206925;206110;206459;205234;205492;204929;206464;204766;204746;257733;207948;205022;202800;203611;202719;203192;203005;203430;202869;202977;202819;203083;203202;203285;202773;203048;203015;202746;12251706;231955;231094;231464;240833;225179;225022;224795;236239;213114;213378;213164;213257;228227;208129;208541;208320;211809;229653;213801;213444;213611;242581;208519;207800;208955;207597;222619;202877;202789;203192;202873;203090;203186;203397;210663;234886;224267;203070;203299;202887;202972;203322;203679;203271;202951;203196;203036;202998;203013;202927;203044;202890;203535;203210;203106;242844;203350;203426;203630;203621;204648;770370033;129305;126153;125349;126071;132335;146898;126083;137948;126178;125512;124668;133636;145928;127981;128453;127759;127930;128632;127471;128907;127432;128014;127084;127872;128057;128233;128275;128346;128320;128162;127848;127959;128219;127919;128456;1207132;137881;125602;125596;126157;125411;125276;125308;129469;137770;124890;124915;124344;124942;125461;124937;125145;125126;124565;125026;131361;124411;149763;128371;128505;127610;128366;128526;127995;128181;128144;127539;128166;128112;127823;127775;128431;128385;128066;128128;127756;127960;128921;128059;127732;127829;135385;127697;128171;127959;128368;127904;127283;127903;20206810;142444;142988;143013;142365;142930;156262;135118;135248;135190;134955;135155;134614;151492;131738;131743;131594;131432;131402;131892;131215;131702;131836;131364;132198;131405;131243;131344;161519;126403;126810;126311;125622;125623;126349;126061;126402;126092;126162;125957;126317;125793;135724;134238;143037;124920;124602;125362;125177;125030;125215;128529;141454;125898;125224;136644;128884;128187;127962;133147;127812;128205;128277;128284;128408;128610;127933;129008;137484;131553;128873;128598;128136;127986;127600;128604;128313;128226;127459;128451;127785;128605;128337;127731;128889;128005;128694;128482;128298;128303;138954;126934;131726;127490;128036;127870;128146;127874;128052;127535;127938;127945;127936;128267;127883;127665;144677;132457;131544;132870;132099;33960;34468;33697;37644;34333;33884;34378;40765;38895;38771;41126;34897;35010;35332;36528;35249;35221;40137;35772;36131;36538;37278;4048765;35884;36341;35836;35540;36484;35592;36874;36719;36537;35678;36765;36166;37251;36520;36559;36125;35728;36342;36528;36230;36871;36797;36636;35939;35690;35974;42009;35355;34938;34728;34599;37516;39845;34966;35779;36249;36348;36492;36531;36373;36156;36806;35520;36408;36094;36882;36466;37272;36455;36896;36718;35903;35375;40456;35154;34141;34590;35134;34662;35217;35326;34989;35060;35125;34774;35333;34817;38416;35654;35987;35468;36632;36195;36349;39341;35468;35927;35474;35443;34926;35950;36989;35436;35546;35170;35468;35558;35606;35406;35777;35690;35517;34394;35318;36268;35527;34676;34908;34412;34871;35512;35278;39968;37566;35971;36126;36031;36764;36300;4038966;36078;35748;35933;35864;36309;36410;40015;37394;37565;37064;37052;36275;39953;36360;35404;36199;35692;35878;36477;37161;39082;35671;35438;35684;35384;35614;35556;35197;34929;35062;34628;35309;36666;39754;36194;36724;36392;36326;36763;36035;36109;37619;36290;36616;35445;36260;37748;40170;35730;35283;35466;35805;35272;37365;36464;35442;34501;35016;34765;35123;35826;35467;35690;35476;34822;35641;35074;5017810571;5030064;2467220857;
